id,birth_year,birth_month,birth_day,last_year,sex,image_color_main,image_color_sub,ui_color_main,ui_color_sub,ui_training_color_1,ui_training_color_2,ui_border_color,ui_num_color_1,ui_num_color_2,ui_turn_color,ui_wipe_color_1,ui_wipe_color_2,ui_wipe_color_3,ui_speech_color_1,ui_speech_color_2,ui_nameplate_color_1,ui_nameplate_color_2,height,bust,scale,skin,shape,socks,personal_dress,tail_model_id,race_running_type,ear_random_time_min,ear_random_time_max,tail_random_time_min,tail_random_time_max,story_ear_random_time_min,story_ear_random_time_max,story_tail_random_time_min,story_tail_random_time_max,attachment_model_id,mini_mayu_shader_type,start_date,chara_category,love_rank_limit
"int","int","int","int","int","int","string","string","string","string","string","string","string","string","string","string","string","string","string","string","string","string","string","int","int","int","int","int","int","int","int","int","int","int","int","int","int","int","int","int","int","int","string","int","int"
1001,1995,5,2,1999,1,"FCA7FF","FF58D9","EE6DCB","FFDEF9","FF7FDD","F759CD","F759CD","FF7FDD","FA50CD","FA50CD","FCCAEE","FCE3F5","FDEDFE","FF7FDD","FF7FDD","FF7CDC","FEB4EA",1,2,158,1,0,3,0,1,1,110,220,30,90,275,425,130,250,-1,0,"2017/01/01",0,12
1002,1994,5,1,1998,1,"8FE78D","FBFF3B","29BD70","FFCE48","4BD18C","27B36B","27B36B","4BD18C","27B36B","27B36B","BDF2D6","D4F2E2","FFF5CC","4BD18C","4BD18C","43C883","82ECB5",1,0,161,1,1,6,0,1,1,170,270,180,310,275,425,180,310,-1,0,"2017/01/01",0,12
1003,1988,4,20,1993,1,"A8C6FD",5277D6,3376D2,"FF99D0","4C91F1","2B75DD","2B75DD","71ADFF",1667D9,1667D9,"BCD5F5","D6E4F6","FFEBF6","4C91F1","4C91F1","4C91F1","8DBCFD",1,1,150,1,0,1,0,1,3,130,210,110,210,275,425,110,210,-1,0,"2017/01/01",0,12
1004,1974,5,19,1977,1,"F84B40","FFCA3B","EA504A","FFCD00","FF8269","EB654B","EB654B","FF8E66","F76C51","F76C51","FFD0C4","FFE4DE","FFF5CC","FF7D63","FF7D63","FF7559","FFA18E",2,3,164,1,0,4,0,1,1,110,220,30,90,275,425,130,250,-1,0,"2017/01/01",0,12
1005,1992,4,15,1995,1,"6C6C6C",181818,444745,"33B839","41CC70","28A853","28A853","4BDB7B","2BB258","28A853","BEFAD2","E0FFEB","F0FFF0","41CC70","41CC70","41CC70","7AF5A3",2,2,168,1,0,0,0,1,1,130,210,110,210,275,425,110,210,-1,0,"2021/07/12 12:00:00",0,12
1006,1985,3,27,1990,1,"7991EC","293CB2","3A7AD2","ECE7E7","5992DF","3B76C4","3B76C4","71ADFF",3578D4,3578D4,"BFD4F5","D8E4F6","FFE0DE","5992DF","5992DF","5992DF","87B7F8",2,2,167,0,0,6,0,1,1,160,250,220,310,275,425,220,310,-1,0,"2017/01/01",0,12
1007,2009,3,6,2015,1,"FFFFFF","F84B40","DA3C57","E9DA36","F56E85","DB4D65","DB4D65","FD8297","DD415B","DD415B","FCCAD2","FCE3E7","FAF6E1","FB758C","FB758C","FA667F","FF98AA",2,3,170,0,0,3,0,1,3,130,210,110,210,275,425,110,210,-1,0,"2017/01/01",0,12
1008,2004,4,4,2010,2,"FFEF72","2CD9B4","D4C200","3DD1D7","EECF02","D2AE08","DCAB00","EDCF02","EBB600","EBB600","FAEEB1","FBF3CC","E0F4F5","F8D90D","F8D90D","F3C801","F5E15F",2,1,165,2,0,4,0,1,3,130,210,110,210,275,425,110,210,-1,1,"2017/01/01",0,12
1009,2004,5,13,2008,2,"8DA3E7","3B61FF","4F64D8","E73472","7396F5","4D75E3","4D75E3","80A1F8","5880EE","5880EE","C8CFFA","E1E5FA","FBDCE7","7C9EFC","7C9EFC","648BF9","9CB6FC",2,3,163,1,2,3,0,1,1,130,210,110,210,275,425,110,210,-1,0,"2017/01/01",0,12
1010,1994,3,23,1998,1,"CBFF9E","33B042","73C032","FFAC42","83D93A","67BD1C","67BD1C","83D93A","4DBC0A","4DBC0A","D6F2BD","E3F2D6","FFEED9","82D63C","82D63C","76CC2B","A5EA6A",2,4,172,2,0,4,0,1,1,130,210,110,210,275,425,110,210,-1,0,"2017/01/01",0,12
1011,1995,2,18,2000,1,"A3B2D6","3357B0","3A34AC","E3493F","8F8AF7","736DED","736DED","8F8AF7","736DE8","736DE8","CCC8FA","E3E1FA","FCDFDE","8F8AF7","8F8AF7","8F8AFB","AFABFC",1,1,152,1,1,0,0,1,2,170,270,180,310,275,425,180,310,-1,0,"2017/01/01",0,12
1012,1991,3,26,1996,2,"5BA5DD","FFFFFF",2185D0,"E6453A","40a5f7","3e7dd6","3e7dd6","6eadff","1e85d4","1e85d4","cfe1ff","dbecff","fff0f0","3a9ef0","3a9ef0","3795fa","7acaff",1,3,160,3,0,0,0,1,1,130,210,110,210,275,425,110,210,-1,0,"2021/06/21 12:00:00",0,12
1013,1987,4,3,1993,1,"38BDC3","FFFFFF","00B5BE","DFC8E7","3CCFD7","22B7BF","22B7BF","3CCFD7","22B7BF","22B7BF","B5F2F5","CDF3F5","F3E3FC","3CCFD7","3CCFD7","36C7CF","7CE3E9",1,0,159,0,1,2,0,1,1,170,270,180,310,275,425,180,310,-1,0,"2017/01/01",0,12
1014,1995,3,17,1999,1,"D64F3E","FDCE46","DD4E31","EFDB28","FF8960","F26A3D","F26A3D","FF8960","F26A3D","F26A3D","FCD4BD","FCE1DC","FBF3CC","FE8B64","FE8B64","FF8358","FEAD91",2,3,163,1,0,4,0,1,1,130,210,110,210,275,425,110,210,-1,3,"2017/01/01",0,12
1015,1996,3,13,2001,1,"ECEB61","FF83DA","F271C4","FBE415","f87ecd","ee55b7","ee55b7","f87ecd","e951b2","e951b2","f2c7e3","f7dfef","faf7dc","f87ecd","f87ecd","f975cb","fdabe0",1,1,156,1,0,3,0,1,1,130,210,110,210,275,425,110,210,-1,0,"2021/03/02 12:00:00",0,12
1016,1991,5,3,1996,1,"FFACE1","A037BE","75358C","D638A3","ce6bf1","bf39ef","bf39ef","da71ff","c037f1","c037f1","ebb4ff","f5d7ff","ffe5f7","e18bff","e18bff","ce6bf1","e8a7ff",1,3,160,1,0,0,0,2,1,160,250,220,310,275,425,220,310,-1,0,"2021/05/17 12:00:00",0,12
1017,1981,3,13,1986,1,"27B798","FFFFFF","1C7763","C6314B","49CDB1","2EB396","2EB396","49CDB1","20AB8E","20AB8E","BFF2E6","D8F2EC","FFE0E7","49CDB1","49CDB1","3AC4A6","78DDC8",2,2,165,1,0,4,0,1,1,160,250,220,310,275,425,220,310,-1,0,"2017/01/01",0,12
1018,1993,4,6,1998,2,"27A1B7","FFE672","0092CB","FAE053","54C5F1","34A5D1","34A5D1","54C5F1","34A5D1","34A5D1","CAECFA","E3F3FA","FCF7D9","5FCCF7","5FCCF7","3CB6E6","8EDEFD",2,3,165,0,0,0,0,1,1,160,250,220,310,275,425,220,310,-1,0,"2017/01/01",0,12
1019,1997,5,15,2003,1,"F7FFAC","F5D74B","F37F96","F9F189","fc7d96","f75676","f75676","fd8ba1","f35b79","f35b79","ffd1da","ffe4e9","fff9d8","fd738f","fd738f","fd738f","ffafbf",1,1,143,1,1,3,0,1,1,110,220,130,250,275,425,130,250,-1,0,"2021/09/20 12:00:00",0,12
1020,1995,4,26,2001,1,"BDE9C9","4CB9A8",65D283,"F4DA40","5ECC7D","39A859","3DB35E","83EBA1","4BBD6C","4BBD6C","BAF5CB","D3F5DC","FAF7E6","6ADE8B","6ADE8B","5CD17D","AAFAC1",1,1,155,0,0,0,0,1,2,160,250,220,310,275,425,220,310,-1,0,"2021/06/10 12:00:00",0,12
1021,1984,5,23,1988,1,"5DA9E2","AEFAFF",3290D6,"C6DAE7","55a5e1","2d8ad0","2d8ad0","70b9ef","2d8ad0","2d8ad0","b4defe","d3ebfd","f0f9ff","55a5e1","55a5e1","55a5e1","a0d2f7",0,0,140,0,0,4,0,1,1,130,210,110,210,275,425,110,210,-1,0,"2021/12/22 12:00:00",0,12
1022,1999,1,27,2004,2,"71CC99","109F42","20A95C","EE5340","48c67f","18aa58","18aa58","56df92","18aa58","18aa58","b7f6d3","def9ea","fcf6f5","3cc377","3cc377","3cc377","83e4ae",1,1,158,1,1,1,0,2,1,110,220,130,250,275,425,130,250,-1,0,"2021/12/14 12:00:00",0,10
1023,1990,3,10,1994,1,"D17F9B","C333A8","B03D81","E776B6","DF83E5","D265D6","D05CD6","ED91F2","D359E3","D359E3","EFC3F7","F7D5F7","FFE3FC","E279E7","E279E8","E279E8","F6B1FA",2,3,171,0,0,4,0,1,1,160,250,220,310,275,425,220,310,-1,0,"2021/03/18 12:00:00",0,12
1024,1992,3,24,1997,1,"F3E67B","FF7770","F57D38","FFC845","FF983E","F27318","F27318","FF983E","F27407","F27407","FFD3BA","FFE4D4","FFF4DA","FF9D47","FF9D47","FF9130","FFB676",1,1,143,1,1,4,0,1,1,110,220,130,250,275,425,130,250,-1,0,"2017/01/01",0,12
1025,1998,3,5,2002,1,"3D3935","BBBE6C",494541,"E8DD4C","e9d001","c79b00","c79b00","e6ce00","e2b500","e2b500","fff299","fff7bf","fffce4","dabe00","dabe00","dabe00","f6e257",1,0,155,0,1,6,0,1,3,160,250,220,310,275,425,220,310,-1,0,"2021/10/20 12:00:00",0,10
1026,1989,4,25,1992,1,"F177AF","E4E94C","EE60A1","F0ED41","ff73d6","ff3ed4","ff3ed4","ff84db","fd3cd2","fd3cd2","fcccfc","ffe5ff","f7f8e1","ff6ade","ff6ade","ff6ade","ff9ae8",1,3,160,0,1,3,0,1,1,160,250,220,310,275,425,220,310,-1,0,"2021/03/09 12:00:00",0,12
1027,1987,4,11,1992,1,"62D9D1","FFFFFF","14BAAE","7C4D3A","4DD8C6","33B8A6","33B8A6","53DCCA","33B8A6","33B8A6","B6F2ED","CDF1EE","EAF5F3","50D9C7","50D9C7","32CAB5","8CEBDF",2,3,163,2,0,0,0,1,1,130,210,110,210,275,425,110,210,-1,0,"2017/01/01",0,12
1028,1992,2,27,1997,1,"61AAD9","FFFFFF","208BCD","FA6F8B","2ea1e8","0a81ca","0a81ca","40adf0","188ad0","188ad0","b4e2ff","ddf2ff","fff0f3","269fe9","269fe9","269fe9","71c7fc",2,4,180,1,2,1,0,1,1,110,220,130,250,275,425,130,250,-1,0,"2021/09/10 12:00:00",0,12
1029,1990,3,10,1993,2,"A7DDFF","FFFFFF","AF7E51","C8D8EB","85addd","5688c5","5688c5","92c2f3","659ad9","5e92d1","bad6f9","d4e8ff","fff0e3",6999d2,6999d2,"85addd","b6dfff",1,2,156,0,1,3,0,1,1,110,220,130,250,275,425,130,250,-1,0,"2022/09/12 12:00:00",0,10
1030,1989,3,5,1995,1,304073,"BC89B1","384A86","CA3E6D","758CD8","546DBF","546DBF","86A1F8","5A74CC","5A74CC","C3D0F7","DCE2F7","FADEE7","7F96E2","7F96E2","6B8AF1","A3B6F6",1,1,145,0,1,6,0,1,1,170,270,180,310,275,425,180,310,-1,1,"2017/01/01",0,12
1031,1987,4,10,1990,1,"FD89D5","37D4A0","F078C5","54AE1B","fa6ec7","c53b8c","c53b8c","ff72c1","dc479e","d9479d","ffc8d8","ffd4dc","e4ffb5","fa65c4","fa65c4","f05fba","ffbeda",2,3,167,1,0,0,0,1,1,130,210,110,210,275,425,110,210,-1,3,"2022/05/10 12:00:00",0,10
1032,1998,4,13,2001,1,"E9FD89","37D4CD","35B2B6","E2E868","47CDD9","1DABB8","1DABB8","47CDD9","2DB5C2","2DB5C2","C8F6FA","E1F8FA","F7FAD4","56DAE6","56DAE6","3ACBD8","7DEFF9",1,2,159,2,1,6,0,1,1,160,250,220,310,275,425,220,310,-1,0,"2017/01/01",0,12
1033,1996,3,12,1999,1,"6592CC","A3EAFF","3865A1","78D5E1","5187cf","3865a1","3865a1","6da7ef","5187cf","5187cf","b1d1fa","cfe4ff","e0f8ff","4d7ec0","4d7ec0","4d7ec0","83ddea",1,2,157,2,0,7,0,1,1,160,250,220,310,275,425,220,310,-1,0,"2022/02/16 12:00:00",0,10
1034,1984,5,7,1990,1,"CC54BA","FF9BE6","AE419E","EC86D0","d35dc2","9741a9","9741a9","e56dd4","b947b5","9741a9","f095e0","faa8ec","ffbeea","c754b6","c754b6","c44bb2","f895db",0,3,139,1,0,1,0,1,3,130,210,110,210,275,425,110,210,-1,0,"2022/06/10 12:00:00",0,12
1035,1990,3,21,1994,1,"DB5E64","FFEA9B","DD3D5B","EDE233","FC708A","E65771","E65771","FC708A","F15370","F15370","FCCAD3","FCE3E8","FCF7D7","FF7C94","FF7C94","FF728C","FFB8C5",1,3,157,2,0,2,0,1,1,130,210,110,210,275,425,110,210,-1,0,"2017/01/01",0,12
1036,1997,2,26,2002,1,"D1D13E","679EF1","2459B4","E1E000",3873d8,"2053a9","2053a9","4b9cf7","346fd4","2d69ce","94bbff","a6ceff","ffffbf","2b61bf","2b61bf","2c65c7","3d9def",2,1,168,0,0,0,0,1,3,160,250,220,310,275,425,220,310,-1,0,"2022/07/11 12:00:00",0,10
1037,2007,3,27,2013,1,413D39,"F34178","3D3B3A","E33067","f85889","e52f67","e52f67","f75e8d","e0366a","e0366a","ffc8d8","ffdce6","ffeef3","f85889","f85889","f85889","f795b4",1,3,160,1,0,4,0,2,1,170,270,180,310,275,425,180,310,-1,0,"2021/08/20 12:00:00",0,10
1038,2007,3,31,2012,2,"FF6D70","2E2E2E","F86669","47423E","FF7D7F","FF5C5F","FF5C5F","FF999B","FF5C5F","FF5C5F","FCCACC","FCE3E4","FCEBEB","FF7D7F","FF7D7F","FF7D7F","FCA7A8",1,2,155,1,0,4,0,1,2,120,220,120,210,275,425,120,210,-1,0,"2021/04/15 12:00:00",0,12
1039,2003,6,5,2009,2,"EC77C0","4AD6C7","E146A7","00C7B1","ff6fc9","f440b1","f440b1","ff81d0","f93eb3","f93eb3","ffc7ea","fde3f3","ebfcfa","fd66c4","fd66c4","fd66c4","fd9bd8",1,3,154,1,2,3,0,1,1,170,270,180,310,275,425,180,310,-1,0,"2021/10/11 12:00:00",0,10
1040,1984,4,16,1989,1,"688AD6","FFFFFF",245099,"E63C5C","5294FF","356FCC","356FCC","7FB0FF",3874D6,3874D6,"CCE0FF","E0ECFF","FFEDF0","5294FF","5294FF","5294FF","99C0FF",1,2,158,0,0,6,0,1,1,160,250,220,310,275,425,220,310,-1,0,"2021/07/20 12:00:00",0,12
1041,1989,4,14,1994,1,"F595C3","FFDFDF","EE6FAB","F2D4D7","FF8AC1","F2529D","F2529D","FF8AC1","F2529D","F2529D","FCC2DE","FCDCEB","FCE8EB","FF8AC1","FF8AC1","FF72B4","FFA6D0",1,2,158,1,0,3,0,1,1,130,210,110,210,275,425,110,210,-1,0,"2017/01/01",0,12
1042,1994,4,16,1999,2,"CC5A6B","70E1FA","B02D40",1690D4,"de4f64","b61f3f","b61f3f","f15f75","c73e53","d34a5f","ff7e91","ff97a6","9adbff","d7455b","d7455b","de4f64","ff8689",2,3,168,1,0,0,0,1,1,160,250,220,310,275,425,220,310,-1,0,"2022/09/20 12:00:00",0,10
1043,1993,4,14,1999,1,676767,"FFFFFF","63666A","6F2678","c471ce","9b45ad","9b45ad","e380ef","bf5dd1","a754b6","ce83de","de97ed","f4d1f8","b558c0","b558c0","a745b3","ec7fe8",1,1,152,2,0,0,0,1,1,130,210,110,210,275,425,110,210,-1,0,"2023/02/13 12:00:00",0,10
1044,2001,5,9,2007,2,"957EC0","FFFFFF","926DDA","BC204B","986fe9","7c55c6","7c55c6","bd7ff1","7c55c6","7c55c6","c892ff","dba7ff","ffc5ee",9065e3,9065e3,9065e3,"d88cfb",0,0,139,1,0,4,0,2,1,120,220,120,210,275,425,120,210,-1,3,"2022/06/20 12:00:00",0,10
1045,1985,5,27,1990,1,"7FADE3","FFFFFF","5693DA","C8C9C7","5EA4F5","408DE6","408DE6","5EA4F5","408DE6","408DE6","C3DCFA","DCE9FA","E6F6FA","67AAF8","67AAF8","5EA4F5","93C5FE",2,4,168,2,2,4,0,1,3,170,270,180,310,275,425,180,310,-1,0,"2017/01/01",0,12
1046,2005,4,4,2012,1,"E9748D","FFFFFF","F8587B","403A35","ff88a2","fc587c","fc587c","ff829d","fb577b","fb577b","ffc9d5","ffe2e8","ffedf1","ff99af","ff99af","ff6e8e","ff99af",1,1,156,1,0,3,0,2,1,110,220,130,250,275,425,130,250,-1,0,"2021/05/06 12:00:00",0,12
1047,2000,3,27,2005,1,639337,"D9D15F","5F9B26","F3EA5D","63b736","408f24","408f24","7bc43a","52a525","48a02d","7fc141","8ec646","edee77","51a028","51a028","57ac2a",97e148,1,3,140,0,1,1,0,1,1,170,270,180,310,275,425,180,310,-1,0,"2022/12/12 12:00:00",0,10
1048,2006,2,4,2014,1,"3FB7AE","3686C0","25B8AE","1C57B9","4bc8bf","0aaea3","0aaea3","65ded6","15b3a8","15b3a8","a6f2ed","d0f9f6","f3f8ff","1ec0b5","1ec0b5","1ec0b5","90e7e1",1,2,157,1,0,0,0,1,3,110,220,130,250,275,425,130,250,0,0,"2021/11/08 12:00:00",0,12
1049,2006,4,5,2011,1,"CF5E59","80A7C3","C0453F",236192,"e05b54","be3d3d","be3d3d","fc716a","e15959","be3d3d","e15f6c","f0787e","428fcc","d9514a","d9514a","e05b54","ffa195",1,1,159,1,0,4,0,1,3,160,250,220,310,275,425,220,310,-1,0,"2022/11/09 12:00:00",0,10
1050,1990,6,10,1995,1,"E3ACD6","F3DD6D","E575CE","F3DD6D","f777de","ed55cf","ed55cf","f777de","ed55cf","ed55cf","ffcdf5","ffe0f4","fbf6de","f777de","f777de","f777de","ffa5ed",1,0,145,1,1,0,0,1,1,160,250,220,310,275,425,220,310,-1,0,"2021/04/26 12:00:00",0,12
1051,1989,4,19,1993,2,"E0D773","E08ED0","E26ECB","F6EB61","f177d9","dd50c1","dd50c1","ff88e7","dd50c1","dd50c1","ffccf5","ffdaf4","fffcdb","ec68d2","ec68d2","ec68d2","ffafe4",0,0,135,1,0,0,0,1,1,170,270,180,310,275,425,180,310,-1,0,"2022/04/11 12:00:00",0,10
1052,1996,2,27,2004,2,"FAADC3","FFF040","FA7395","EDE04B","FF8AB9","F25793","F25793","FF88B5","F25793","F25793","FCCAD7","FCE3EA","FCF8D9","FF8AB9","FF8AB9","FF7FB5","FFBBD6",1,1,140,1,0,1,0,1,1,120,220,30,90,275,425,120,210,-1,0,"2017/01/01",0,12
1053,1985,5,14,1991,1,"29504D","FFFFFF",366965,"2D2926","29a89e",217873,217873,"2ebeab","1e9a90","1e9a90","6aebe1","81f6ed","c5ffed","29a89e","29a89e","2b9c93","45d5b5",1,1,157,2,0,0,0,1,1,130,210,110,210,275,425,110,210,-1,0,"2022/08/10 12:00:00",0,10
1054,1991,2,8,1998,1,"E40046","FFFFFF","E7396F","D162B8","FFFFFF","FFFFFF","FFFFFF","FFFFFF","FFFFFF","FFFFFF","FFFFFF","FFFFFF","FFFFFF","68D25D","68D25D","66D713","25C4A4",1,0,144,1,0,1,0,1,1,130,210,110,210,275,425,110,210,-1,0,"2050/01/01",0,10
1055,1992,5,31,1997,1,"A30083","FFF200","CA46B0","B52542","d660bf","a4318d","c434a8","f271da","d858bf","bb34a1","d867bc","e177c7","faa6b6","ac3a96","ac3a96","da52bf","f998fd",1,4,145,1,1,3,0,1,1,120,220,120,210,275,425,120,210,-1,0,"2023/06/19 12:00:00",0,10
1056,1994,5,22,2000,1,"307FE2","FFFFFF","3D89E9","F8A717","5EA4FD","3B7FD9","3B7FD9","5EA4FD","3B7FD9","3B7FD9","CAE0FC","E3EEFC","FFF1E0","68AAFF","68AAFF","519EFF","9AC6FF",1,2,158,1,0,3,0,1,1,130,210,110,210,275,425,110,210,-1,0,"2017/01/01",0,12
1057,1980,4,7,1985,1,"77D64A","FFF6B2","6FC346","FBE122","6bcb3c","42a624","42a624","7de826","4bbb1f","4dbe2b","88cd62","92d96b","fcf389","63bb38","63bb38","6fc346","ccf28a",2,2,166,2,1,3,0,1,2,130,210,110,210,275,425,110,210,-1,0,"2023/02/24 12:00:00",0,10
1058,1996,3,25,2001,1,"06038D","FFFFFF","46449B","D64388","6878f5","4b5acb","4b5acb","8290ff","4b5acb","4b5acb","c0d2ff","dbe5ff","fff3f9","617cf5","617cf5","617cf5","a5b6ff",2,4,164,1,0,3,0,1,1,170,270,180,310,275,425,180,310,-1,0,"2021/08/11 12:00:00",0,10
1059,1994,5,6,1999,2,"00B097","FFFFFF","19B49E","6F3B42","2fc5b0","20a895","20a895","3be0c9","01b198","20a895","abeee5","d6f2ed","eaf5f3","16c4ac","16c4ac","16c4ac","7ee0d2",1,2,157,1,1,3,0,1,1,160,250,220,310,275,425,220,310,-1,0,"2021/11/19 12:00:00",0,10
1060,1988,4,16,1996,1,009639,"FFFFFF","28A959","B82720","5FC586","3EA365","3EA365","5FC586","3EA365","3EA365","BBF2D0","D3F2DF","FCE6E6","6CCF92","6CCF92","4DC87C","92E0B0",1,1,157,1,0,2,0,1,1,160,250,220,310,275,425,220,310,-1,0,"2017/01/01",0,12
1061,1995,4,28,2000,1,"007B3E","FFFFFF","0E9451","1C57A5","6ECB74","43B04A","43B04A","6ECB74","43B04A","43B04A","BBF2C1","D3F2D6","E3EEFC","6ECB74","6ECB74","58CD5F","9CE4A0",1,2,159,1,1,4,0,1,1,160,250,220,310,275,425,220,310,-1,0,"2017/01/01",0,12
2001,1971,3,15,1800,1,"FFFFFF","FFFFFF","FFFFFF","FFFFFF","FFFFFF","FFFFFF","FFFFFF","FFFFFF","FFFFFF","FFFFFF","FFFFFF","FFFFFF","FFFFFF","68D25D","68D25D","66D713","25C4A4",2,2,163,0,0,3,0,2,1,170,270,180,310,275,425,180,310,-1,0,"2050/01/01",0,10
9001,1948,5,2,1800,2,"44A705","FFFFFF","44A705","F3CD00","FFFFFF","FFFFFF","FFFFFF","FFFFFF","FFFFFF","FFFFFF","FFFFFF","FFFFFF","FFFFFF","68D25D","68D25D","66D713","25C4A4",2,2,166,1,2,7,0,-1,1,170,270,180,310,275,425,180,310,-1,0,"2050/01/01",1,10
9002,1971,3,15,1800,1,"FFFFFF","FFFFFF","FFFFFF","FFFFFF","FFFFFF","FFFFFF","FFFFFF","FFFFFF","FFFFFF","FFFFFF","FFFFFF","FFFFFF","FFFFFF","68D25D","68D25D","66D713","25C4A4",0,0,140,2,0,0,0,-1,1,170,270,180,310,275,425,180,310,-1,0,"2050/01/01",1,10
9003,1971,3,15,1800,1,"FFFFFF","FFFFFF","FFFFFF","FFFFFF","FFFFFF","FFFFFF","FFFFFF","FFFFFF","FFFFFF","FFFFFF","FFFFFF","FFFFFF","FFFFFF","68D25D","68D25D","66D713","25C4A4",2,3,168,1,0,0,0,-1,1,170,270,180,310,275,425,180,310,-1,0,"2050/01/01",1,10
9004,1971,3,15,1800,1,"464ed2","e48cfa","464ed2","e48cfa","FFFFFF","FFFFFF","FFFFFF","FFFFFF","FFFFFF","FFFFFF","FFFFFF","FFFFFF","FFFFFF","68D25D","68D25D","66D713","25C4A4",1,1,155,0,1,0,0,-1,1,170,270,180,310,275,425,180,310,-1,0,"2050/01/01",1,10
9005,1971,3,15,1800,1,"FFFFFF","FFFFFF","df4945","c3cacd","FFFFFF","FFFFFF","FFFFFF","FFFFFF","FFFFFF","FFFFFF","FFFFFF","FFFFFF","FFFFFF","68D25D","68D25D","66D713","25C4A4",2,3,173,1,0,0,0,-1,1,170,270,180,310,275,425,180,310,-1,0,"2050/01/01",1,10
9999,2004,5,13,1800,2,"485CC7","FFFFFF","485CC7","E0004D","FFFFFF","FFFFFF","FFFFFF","FFFFFF","FFFFFF","FFFFFF","FFFFFF","FFFFFF","FFFFFF","68D25D","68D25D","66D713","25C4A4",2,3,163,1,2,3,0,999,1,130,210,110,210,275,425,110,210,0,0,"2050/01/01",0,10
1062,1989,5,7,1995,1,"0085CA","FF668C","0f8dce","ee5b56","32a0e5","1d76d1","1d76d1","48afff","1f80db","1d76d1","b1ddff","b6e4ff","d2f0ff","1597da","1597da","1597da","59c7ff",1,2,155,1,0,3,0,1,1,110,220,30,90,275,425,130,250,-1,3,"2022/02/24 12:00:00",0,10
1063,1987,4,16,1993,2,"8FE78D","FBFF3B","49b73f","c6d1d5","FFFFFF","FFFFFF","FFFFFF","FFFFFF","FFFFFF","FFFFFF","FFFFFF","FFFFFF","FFFFFF","68D25D","68D25D","66D713","25C4A4",2,1,163,0,1,3,0,1,2,170,270,180,310,275,425,180,310,-1,0,"2050/01/01",0,10
1064,1987,3,21,1994,1,"00A499","FFFFFF","27c79c",865432,"18c395",049989,049989,"2ddfb7","0bb198","13b69d","6dedcb","92f2d1","baffea","0db98b","0db98b","0db98b","78fed6",1,2,160,2,0,0,0,1,1,130,210,110,210,275,425,110,210,-1,0,"2022/05/20 12:00:00",0,12
1065,1987,4,10,1992,1,"303AB2","FEDB00","5b64d5","fbe247","6b7bf1","3d4fce","3d4fce","809dfa","6b7bf1","5a69de","8d97fd","90aaff","fff5b6","6d77f3","6d77f3","6a73e4","98cbf7",1,2,156,1,0,2,0,1,1,110,220,30,90,275,425,130,250,-1,0,"2023/01/20 12:00:00",0,12
1066,1988,4,13,1996,1,"0050C8","FF5FCC",1985d2,"27b784","2a8bd5","2061b2","2061b2","46a8f2",2878d1,3682d7,2998e6,"3ca4ee","82e0bf","0d7dcd","0d7dcd",1985d2,"81ceff",1,1,146,2,1,4,0,1,2,130,210,110,210,275,425,110,210,-1,0,"2023/02/24 12:00:00",0,10
1067,2013,1,30,2018,1,"90AA6B","FFF994","94bf01","f9eb39","94cb10","6ca90b","6ca90b","9dd91c","73b40d","6ca90b","d2ed8a","def79d","f5fec9","74c401","74c401","74c401","b6e92e",1,3,158,0,0,3,0,1,3,160,250,220,310,275,425,220,310,-1,0,"2022/03/07 12:00:00",0,12
1068,2012,3,10,2017,1,"25282A","FC4C02","5a6065","fc6d31","ff8053","e94e35","e94e35","ff8b5d","e94e35","e94e35","ffb595","ffc89c","ffe1b3","e94e35","e94e35","e94e35","ffac88",1,2,162,0,0,4,0,1,3,130,210,110,210,275,425,110,210,-1,0,"2022/02/24 12:00:00",0,12
2002,1971,4,11,1800,1,"FFFFFF","FFFFFF","ed4f44",674445,"FFFFFF","FFFFFF","FFFFFF","FFFFFF","FFFFFF","FFFFFF","FFFFFF","FFFFFF","FFFFFF","FFFFFF","FFFFFF","FFFFFF","FFFFFF",1,2,160,3,0,0,0,1,1,110,220,30,90,275,425,130,250,0,0,"2050/01/01",0,10
2003,1971,6,5,1800,1,"FFFFFF","FFFFFF","6973ab","61c9f5","FFFFFF","FFFFFF","FFFFFF","FFFFFF","FFFFFF","FFFFFF","FFFFFF","FFFFFF","FFFFFF","FFFFFF","FFFFFF","FFFFFF","FFFFFF",1,1,154,0,0,1,0,1,3,110,220,30,90,275,425,130,250,0,0,"2050/01/01",0,10
2004,1996,4,4,2000,1,"A8C6FD",5277D6,"da483a","ffda93","4C91F1","2B75DD","2B75DD","71ADFF",1667D9,1667D9,"BCD5F5","D6E4F6","FFEBF6","4C91F1","4C91F1","4C91F1","8DBCFD",2,3,172,1,0,6,0,1,1,160,250,220,310,275,425,220,310,-1,0,"2050/01/01",0,10
9006,1971,7,1,1800,1,"FFFFFF","FFFFFF","54498c","8b9096","FFFFFF","FFFFFF","FFFFFF","FFFFFF","FFFFFF","FFFFFF","FFFFFF","FFFFFF","FFFFFF","FFFFFF","FFFFFF","FFFFFF","FFFFFF",2,1,166,1,1,0,0,-1,1,1,110,220,30,90,275,425,130,-1,0,"2050/01/01",1,10
9007,1800,1,1,1800,1,"FCA7FF","FF58D9","EE6DCB","FFDEF9","FF7FDD","F759CD","F759CD","FF7FDD","FA50CD","FA50CD","FCCAEE","FCE3F5","FDEDFE","FF7FDD","FF7FDD","FF7CDC","FEB4EA",2,3,173,1,0,0,0,1,1,1,110,220,30,90,275,425,130,-1,0,"2050/01/01",1,10
9008,1800,1,1,1800,2,"FCA7FF","FF58D9","f482a2","92ddcd","FF7FDD","F759CD","F759CD","FF7FDD","FA50CD","FA50CD","FCCAEE","FCE3F5","FDEDFE","FF7FDD","FF7FDD","FF7CDC","FEB4EA",1,3,157,0,2,0,0,1,1,130,210,110,210,275,425,110,210,-1,0,"2050/01/01",1,10
9040,1800,1,1,1800,1,"FCA7FF","FF58D9","d84556","ddaa4d","FF7FDD","F759CD","F759CD","FF7FDD","FA50CD","FA50CD","FCCAEE","FCE3F5","FDEDFE","FF7FDD","FF7FDD","FF7CDC","FEB4EA",2,1,165,3,0,0,0,1,1,130,210,110,210,275,425,110,210,-1,0,"2050/01/01",0,10
9041,1800,1,1,1800,1,"FCA7FF","FF58D9",3381d8,"20c8cf","FF7FDD","F759CD","F759CD","FF7FDD","FA50CD","FA50CD","FCCAEE","FCE3F5","FDEDFE","FF7FDD","FF7FDD","FF7CDC","FEB4EA",1,2,160,0,0,0,0,1,1,170,270,180,310,275,425,180,310,-1,0,"2050/01/01",0,10
9042,1800,1,1,1800,1,"FCA7FF","FF58D9","bba61d","7874c9","FF7FDD","F759CD","F759CD","FF7FDD","FA50CD","FA50CD","FCCAEE","FCE3F5","FDEDFE","FF7FDD","FF7FDD","FF7CDC","FEB4EA",2,2,167,1,2,0,0,1,1,160,250,220,310,275,425,220,310,-1,0,"2050/01/01",0,10
1069,1985,2,19,1989,1,"FFA3B5","F5DADF","f9879d","f7dde2","ff7892","e54c6d","e54c6d","ff829a","e54c6d","e54c6d","ffbbc8","ffdae1","ffeef1","e54c6d","e54c6d","e54c6d","ffa9ba",1,1,156,1,0,1,0,1,1,110,220,30,90,275,425,130,250,-1,0,"2022/01/20 12:00:00",0,10
1070,1982,3,26,1988,1,007763,"A6093C",248379,"e3628c","299c90","1b756b","1b756b","37a498","1f877b","21877c","44bfa6","6dd5c0","a5eade","2a988c","2a988c","2a9388","6bc8be",2,3,167,2,0,2,0,1,3,110,220,30,90,275,425,130,250,-1,0,"2023/07/21 12:00:00",0,10
1071,1985,3,28,1991,1,269988,"94ECFF","28baa5","bfe4eb","1cc7ae","27a4a0","27a4a0","34dcd2","26baa7","26baa7","a5f8ec","c0fef5","e6fbff","28baa5","28baa5","28baa5","83eadd",1,3,162,0,0,3,0,1,3,170,270,180,310,275,425,180,310,-1,0,"2022/02/08 12:00:00",0,10
1072,1985,4,11,1990,1,"CB2819","FFC658","da483a","ffda93","e55345","bd372a","bd372a","fb6029","cc3a2c","cc3a2c","ffa69d","ffbba6","ffe9c0","e55345","e55345","e55345","ff9f75",1,1,159,1,0,1,0,1,2,130,210,110,210,275,425,110,210,-1,0,"2022/04/19 12:00:00",0,10
1073,1995,4,6,2000,1,"A8C6FD",5277D6,"8F4DAC","F5CD47","4C91F1","2B75DD","2B75DD","71ADFF",1667D9,1667D9,"BCD5F5","D6E4F6","FFEBF6","4C91F1","4C91F1","4C91F1","8DBCFD",1,2,160,0,0,0,0,1,1,130,210,110,210,275,425,110,210,-1,0,"2050/01/01",0,10
1074,1994,4,19,2000,1,"64CCC9","FFFFFF","45C5C1","9F5F54","43d1cd","21abad","21abad","3ed6d8","21abad","21abad","a3f9f6","c0fefc","e1fffa","2cbdb8","2cbdb8","2cbdb8","65e7dc",1,2,157,0,0,1,0,1,2,170,270,180,310,275,425,180,310,-1,0,"2022/03/18 12:00:00",0,10
1075,2017,4,15,1800,2,"A8C6FD",5277D6,"79c6db","6c5953","4C91F1","2B75DD","2B75DD","71ADFF",1667D9,1667D9,"BCD5F5","D6E4F6","FFEBF6","4C91F1","4C91F1","4C91F1","8DBCFD",1,2,158,0,0,2,0,1,2,130,210,110,210,275,425,110,210,-1,0,"2050/01/01",0,10
1076,1991,5,8,1997,1,"ED7092","EBD3CF","f0638a","fecdc9","fc7894","d45e85","d45e85","f87d92","ee5d8a","ed5481","ff9bb0","ffaabc","ffd1cd","e65779","e65779","f36083","ffaec3",1,1,162,1,1,1,0,1,3,130,210,110,210,275,425,110,210,-1,0,"2023/04/10 12:00:00",0,10
1077,1996,4,4,2002,1,"E280D2",863586,"ea5bc0","8f3d7d","f577d0","cb4faf","cb4faf","f480d5","e75ccb","d755bd","f2acde","f8c0e8","f5d0ed","cb4faf","cb4faf","f166c8","ffb1d6",2,3,166,1,0,2,0,1,3,160,250,220,310,275,425,220,310,-1,0,"2023/08/24 12:00:00",0,10
1078,1988,5,27,1993,1,"639CCC","FF3C3C","5192C1","AE4544","5aa7e2","347cce","347cce","61abff","4ba0ff","2d82e3","63ace1","7fc3f3","ffd4d4","4094db","4094db","5ca8df","b1e6ff",1,3,154,1,0,1,0,1,1,170,270,180,310,275,425,180,310,-1,0,"2022/10/19 12:00:00",0,10
1079,1800,1,1,1800,2,"A8C6FD",5277D6,"da483a","ffda93","4C91F1","2B75DD","2B75DD","71ADFF",1667D9,1667D9,"BCD5F5","D6E4F6","FFEBF6","4C91F1","4C91F1","4C91F1","8DBCFD",1,2,161,1,0,4,0,1,2,130,210,110,210,275,425,110,210,-1,0,"2050/01/01",0,10
1080,1800,1,1,1800,2,"A8C6FD",5277D6,"da483a","ffda93","4C91F1","2B75DD","2B75DD","71ADFF",1667D9,1667D9,"BCD5F5","D6E4F6","FFEBF6","4C91F1","4C91F1","4C91F1","8DBCFD",2,3,164,0,0,2,0,1,2,130,210,110,210,275,425,110,210,-1,0,"2050/01/01",0,10
1081,1800,1,1,1800,2,"A8C6FD",5277D6,"da483a","ffda93","4C91F1","2B75DD","2B75DD","71ADFF",1667D9,1667D9,"BCD5F5","D6E4F6","FFEBF6","4C91F1","4C91F1","4C91F1","8DBCFD",1,1,159,1,0,1,0,1,2,130,210,110,210,275,425,110,210,0,0,"2050/01/01",0,10
1082,1800,1,1,1800,2,"A8C6FD",5277D6,"da483a","ffda93","4C91F1","2B75DD","2B75DD","71ADFF",1667D9,1667D9,"BCD5F5","D6E4F6","FFEBF6","4C91F1","4C91F1","4C91F1","8DBCFD",1,2,156,0,0,2,0,1,2,130,210,110,210,275,425,110,210,-1,0,"2050/01/01",0,10
1083,1999,1,21,2003,1,"174C28","1D1F2B","12762f",292d45,"4ab26c","428d5c","428d5c","4ecc77","43a262","3ea770","5fb277","65b87d","667b8a","368f4b","368f4b","3d9356","7bd583",2,3,170,3,0,0,0,1,1,160,250,220,310,275,425,220,310,-1,0,"2023/03/20 12:00:00",0,10
1084,1999,5,4,2002,1,"F3E972","0A2966","dab610",173061,"dcbc3c","c5963a","c5963a","e3c13a","d1a50a","cba10e","dcc55c","e1cb66","4a5b7d","e2ac38","e2ac38","d4a914","fddf66",2,1,166,0,1,6,0,1,3,160,250,220,310,275,425,220,310,-1,0,"2023/05/19 12:00:00",0,10
1085,1987,4,15,1992,2,"E2435F","5F4876","d2445d","6946a9","ea5a73","c14363","c14363","f87d92","df5175","dc476d","fa82aa","ff96b9","bf8cd9","e2556e","e2556e","ea5d76","ff9ba4",1,1,141,0,0,5,0,1,1,170,270,180,310,275,425,180,310,-1,0,"2023/03/10 12:00:00",0,10
1086,1983,4,9,1986,2,"2EB8B1",183548,"4bb6af","3c5161","3ab5ba","229ba6","229ba6","28c8ca","0eacba","229ba6","4cc0b8","57c5be","7b94a8","229ba6","229ba6","2db1ac","80dcba",2,3,165,0,0,2,0,1,1,170,270,180,310,275,425,180,310,-1,0,"2023/10/19 12:00:00",0,10
1087,2004,3,5,2008,2,"CB3725","FFEC8C","CF4436","E1DCCB","e4554a","c02530","c02530","f2675c","db362a","d74237","fc857f","ffa69d","f7f1db","e44a3e","e44a3e","e44a3e","ff926c",1,3,152,1,2,4,0,1,2,110,220,130,250,275,425,130,250,-1,0,"2022/10/11 12:00:00",0,10
1088,2012,3,10,2018,1,225D39,"F4F0A2","21713A","F3F19D",249546,"097a2c","097a2c","29a34e",108533,"1f873f","8fd0a3","abdfba","f5ffbf","06812b","06812b","06812b","77d995",2,2,163,0,0,6,0,1,3,130,210,110,210,275,425,110,210,-1,0,"2023/12/11 12:00:00",0,10
1089,2012,3,14,2019,1,"BFFFFE",030073,"64C3C1","1E3872","19bfb3","20abbc","20abbc","65ded5","1cbcb9","1cbcb9","72e5e3","afebea","85ace6","19bfb3","19bfb3","29cbbf","7ef0e8",1,2,160,1,0,1,0,1,2,160,250,220,310,275,425,220,310,-1,3,"2023/12/20 12:00:00",0,10
1090,2009,3,5,2014,2,"A8C6FD",5277D6,"4747cc","84c6e7","4C91F1","2B75DD","2B75DD","71ADFF",1667D9,1667D9,"BCD5F5","D6E4F6","FFEBF6","4C91F1","4C91F1","4C91F1","8DBCFD",1,3,158,0,0,6,0,1,2,170,270,180,310,275,425,180,310,-1,0,"2050/01/01",0,10
1091,2013,4,9,2019,2,"A8C6FD",5277D6,"404fb1","84d4e3","4C91F1","2B75DD","2B75DD","71ADFF",1667D9,1667D9,"BCD5F5","D6E4F6","FFEBF6","4C91F1","4C91F1","4C91F1","8DBCFD",1,3,156,0,0,1,0,1,2,110,220,130,250,275,425,130,250,-1,0,"2050/01/01",0,10
1092,1800,1,1,1800,1,"A8C6FD",5277D6,"da483a","ffda93","4C91F1","2B75DD","2B75DD","71ADFF",1667D9,1667D9,"BCD5F5","D6E4F6","FFEBF6","4C91F1","4C91F1","4C91F1","8DBCFD",2,3,163,1,2,1,0,1,2,130,210,110,210,275,425,110,210,-1,0,"2050/01/01",0,10
1093,1988,3,16,1991,1,"ADCBEF","FEF38A","85aae1","ebd64a","73a3e9","4d7cca","4d7cca","7bb0fe","5086df","4d7cca","96bbf2","a1c5fa","fff5b3","5b8de0","5b8de0","699be2","b2d7fd",1,2,156,0,1,3,0,1,1,160,250,220,310,275,425,220,310,-1,2,"2023/09/20 12:00:00",0,10
1094,1998,5,7,2002,1,"A8C6FD",5277D6,"6ac43c","e6d734","4C91F1","2B75DD","2B75DD","71ADFF",1667D9,1667D9,"BCD5F5","D6E4F6","FFEBF6","4C91F1","4C91F1","4C91F1","8DBCFD",1,1,158,1,0,6,0,1,3,130,210,110,210,275,425,110,210,-1,0,"2050/01/01",0,10
1095,1800,1,1,1800,2,"A8C6FD",5277D6,"da483a","ffda93","4C91F1","2B75DD","2B75DD","71ADFF",1667D9,1667D9,"BCD5F5","D6E4F6","FFEBF6","4C91F1","4C91F1","4C91F1","8DBCFD",1,1,159,1,0,1,0,1,2,130,210,110,210,275,425,110,210,-1,0,"2050/01/01",0,10
1096,1800,1,1,1800,1,"A8C6FD",5277D6,"da483a","ffda93","4C91F1","2B75DD","2B75DD","71ADFF",1667D9,1667D9,"BCD5F5","D6E4F6","FFEBF6","4C91F1","4C91F1","4C91F1","8DBCFD",1,1,159,1,0,1,0,1,2,130,210,110,210,275,425,110,210,-1,0,"2050/01/01",0,10
1097,1800,1,1,1800,2,"A8C6FD",5277D6,"da483a","ffda93","4C91F1","2B75DD","2B75DD","71ADFF",1667D9,1667D9,"BCD5F5","D6E4F6","FFEBF6","4C91F1","4C91F1","4C91F1","8DBCFD",1,1,153,0,1,1,0,1,2,130,210,110,210,275,425,110,210,-1,0,"2050/01/01",0,10
1098,2010,3,24,2017,1,"FDDA26","ED2736","eeb42a","d93c49","ecab1f","cf8b20","cf8b20","ffbd0c","de9014","df9e20","ffca63","ffd88c","ffe1cb","d39318","d39318","ed9a0a","fcd049",2,2,165,1,0,3,0,1,1,110,220,130,250,275,425,130,250,-1,0,"2022/08/19 12:00:00",0,10
1099,2009,5,26,2016,1,"DFF0F2","F0444D","d94149","cddee0","e7676e","c74545","c74545","f66f6f","e75b5b","e75b5b","f16169","fa7178","cddee0","f1646c","f1646c","e7676e","ff969c",1,3,162,0,2,1,0,1,1,120,220,120,210,275,425,120,210,-1,0,"2023/01/10 12:00:00",0,10
1100,2006,3,14,2015,1,"D792A9","E6E2E7","d85081","d8d2d9","ea5f91","c53d77","c53d77","ff84b0","f3589a","e24a8a","f18fb2","ef9ebc","eae5eb","d85081","d85081","e55589","fea4be",1,1,159,0,1,6,0,1,1,170,270,180,310,275,425,180,310,-1,0,"2022/11/17 12:00:00",0,10
1101,1800,1,1,1800,1,"A8C6FD",5277D6,"da483a","ffda93","4C91F1","2B75DD","2B75DD","71ADFF",1667D9,1667D9,"BCD5F5","D6E4F6","FFEBF6","4C91F1","4C91F1","4C91F1","8DBCFD",1,1,159,1,0,1,0,1,2,130,210,110,210,275,425,110,210,-1,0,"2050/01/01",0,10
1102,2011,4,12,2018,1,"A8C6FD",5277D6,"ca4640",305991,"4C91F1","2B75DD","2B75DD","71ADFF",1667D9,1667D9,"BCD5F5","D6E4F6","FFEBF6","4C91F1","4C91F1","4C91F1","8DBCFD",1,2,161,1,0,3,0,1,1,130,210,110,210,275,425,110,210,-1,0,"2050/01/01",0,10
1103,1990,3,10,1996,1,"A8C6FD",5277D6,"da483a","ffda93","4C91F1","2B75DD","2B75DD","71ADFF",1667D9,1667D9,"BCD5F5","D6E4F6","FFEBF6","4C91F1","4C91F1","4C91F1","8DBCFD",1,2,159,0,0,6,0,1,1,160,250,220,310,275,425,220,310,-1,0,"2050/01/01",0,10
1104,1980,4,24,1984,1,"86C4F8","FC9BB3","7db0e0","f77696","6caae7","377bbf","377bbf","70abe6","4b8dce","4e8fd0","7db0e0","9ccbf8","e890a6","6fa8e0","6fa8e0","6caae7","b4d7f8",2,2,165,1,0,0,0,1,2,130,210,110,210,275,425,110,210,-1,0,"2023/07/10 12:00:00",0,10
1105,2000,5,21,2004,1,"FDF16C","6EC0E3","5abae6","f8db55","47c2fb","1292cd","1292cd","5ac8fa","22a0da","2ca6de","86d9ff","a1e1ff","fff4c0","5ac3f3","5ac3f3","2db1ee","a8e4ff",1,2,160,0,1,3,0,1,1,170,270,180,310,275,425,180,310,-1,0,"2023/04/19 12:00:00",0,10
1106,1999,3,31,2005,1,"487BCC","CFD9E5","4a71b2","bdd1e9","5d89d2","416aae","416aae","75abfc","5b88d4","4e80d5","6f9fe0","82afec","ccdae9","4a71b2","4a71b2",5986d1,"bdd1e9",1,2,156,0,2,2,0,1,1,170,270,180,310,275,425,180,310,-1,0,"2023/05/10 12:00:00",0,10
1107,1997,3,16,2005,1,"EF3340","10069F","d44853","4840ad","f4636e","d1313e","cf2f3c","ff7b85","e9404d","d1313e","fa8891","fa99a0","9f97ff","d1313e","d1313e","ee4d5a","ee969d",2,3,170,1,0,2,0,1,3,130,210,110,210,275,425,110,210,-1,0,"2023/11/20 12:00:00",0,10
1108,2012,3,22,2016,1,"A60014","0D0D0D","bf3344","4e4e4e","4C91F1","2B75DD","2B75DD","71ADFF",1667D9,1667D9,"BCD5F5","D6E4F6","FFEBF6","4C91F1","4C91F1","4C91F1","8DBCFD",2,3,166,2,0,0,0,1,1,160,250,220,310,275,425,220,310,-1,0,"2050/01/01",0,10
2005,2010,4,7,1800,2,"A8C6FD",5277D6,"215a95","db4977","4C91F1","2B75DD","2B75DD","71ADFF",1667D9,1667D9,"BCD5F5","D6E4F6","FFEBF6","4C91F1","4C91F1","4C91F1","8DBCFD",1,2,155,0,0,1,0,2,2,110,220,130,250,275,425,130,250,-1,0,"2050/01/01",0,10
2006,1983,5,11,1800,1,"A8C6FD",5277D6,"da6642",755151,"4C91F1","2B75DD","2B75DD","71ADFF",1667D9,1667D9,"BCD5F5","D6E4F6","FFEBF6","4C91F1","4C91F1","4C91F1","8DBCFD",2,3,170,3,0,0,0,1,1,160,250,220,310,275,425,220,310,-1,0,"2050/01/01",0,10
2007,1800,1,1,1800,1,"A8C6FD",5277D6,"da483a","ffda93","4C91F1","2B75DD","2B75DD","71ADFF",1667D9,1667D9,"BCD5F5","D6E4F6","FFEBF6","4C91F1","4C91F1","4C91F1","8DBCFD",2,2,175,0,1,0,0,1,1,130,210,110,210,275,425,110,210,0,0,"2050/01/01",0,10
1109,1800,1,1,1800,2,"A8C6FD",5277D6,"da483a","ffda93","4C91F1","2B75DD","2B75DD","71ADFF",1667D9,1667D9,"BCD5F5","D6E4F6","FFEBF6","4C91F1","4C91F1","4C91F1","8DBCFD",1,2,157,1,0,1,0,1,1,130,210,110,210,275,425,110,210,-1,0,"2050/01/01",0,10
1110,1800,1,1,1800,2,"A8C6FD",5277D6,"da483a","ffda93","4C91F1","2B75DD","2B75DD","71ADFF",1667D9,1667D9,"BCD5F5","D6E4F6","FFEBF6","4C91F1","4C91F1","4C91F1","8DBCFD",2,2,167,0,1,3,0,1,3,130,210,110,210,275,425,110,210,-1,0,"2050/01/01",0,10
1111,1800,1,1,1800,2,"A8C6FD",5277D6,"da483a","ffda93","4C91F1","2B75DD","2B75DD","71ADFF",1667D9,1667D9,"BCD5F5","D6E4F6","FFEBF6","4C91F1","4C91F1","4C91F1","8DBCFD",1,2,162,1,0,6,0,1,1,130,210,110,210,275,425,110,210,-1,0,"2050/01/01",0,10
1112,1800,1,1,1800,2,"A8C6FD",5277D6,"da483a","ffda93","4C91F1","2B75DD","2B75DD","71ADFF",1667D9,1667D9,"BCD5F5","D6E4F6","FFEBF6","4C91F1","4C91F1","4C91F1","8DBCFD",2,2,165,0,0,2,0,1,2,130,210,110,210,275,425,110,210,0,0,"2050/01/01",0,10
1113,1800,1,1,1800,2,"A8C6FD",5277D6,"da483a","ffda93","4C91F1","2B75DD","2B75DD","71ADFF",1667D9,1667D9,"BCD5F5","D6E4F6","FFEBF6","4C91F1","4C91F1","4C91F1","8DBCFD",2,3,165,0,2,0,0,1,2,130,210,110,210,275,425,110,210,0,0,"2050/01/01",0,10
1114,1800,1,1,1800,1,"A8C6FD",5277D6,"da483a","ffda93","4C91F1","2B75DD","2B75DD","71ADFF",1667D9,1667D9,"BCD5F5","D6E4F6","FFEBF6","4C91F1","4C91F1","4C91F1","8DBCFD",2,3,166,2,0,0,0,1,2,130,210,110,210,275,425,110,210,-1,0,"2050/01/01",0,10
1115,1800,1,1,1800,1,"A8C6FD",5277D6,"da483a","ffda93","4C91F1","2B75DD","2B75DD","71ADFF",1667D9,1667D9,"BCD5F5","D6E4F6","FFEBF6","4C91F1","4C91F1","4C91F1","8DBCFD",2,2,165,0,0,4,0,1,2,130,210,110,210,275,425,110,210,-1,0,"2050/01/01",0,10
1116,1800,1,1,1800,1,"A8C6FD",5277D6,"da483a","ffda93","4C91F1","2B75DD","2B75DD","71ADFF",1667D9,1667D9,"BCD5F5","D6E4F6","FFEBF6","4C91F1","4C91F1","4C91F1","8DBCFD",2,4,167,1,2,3,0,1,2,130,210,110,210,275,425,110,210,-1,0,"2050/01/01",0,10
1117,1800,1,1,1800,1,"A8C6FD",5277D6,"da483a","ffda93","4C91F1","2B75DD","2B75DD","71ADFF",1667D9,1667D9,"BCD5F5","D6E4F6","FFEBF6","4C91F1","4C91F1","4C91F1","8DBCFD",1,1,159,0,1,5,0,1,3,130,210,110,210,275,425,110,210,-1,0,"2050/01/01",0,10
1118,1800,1,1,1800,1,"A8C6FD",5277D6,"da483a","ffda93","4C91F1","2B75DD","2B75DD","71ADFF",1667D9,1667D9,"BCD5F5","D6E4F6","FFEBF6","4C91F1","4C91F1","4C91F1","8DBCFD",1,1,159,0,1,5,0,1,2,130,210,110,210,275,425,110,210,-1,0,"2050/01/01",0,10
1119,1800,1,1,1800,1,"A8C6FD",5277D6,"da483a","ffda93","4C91F1","2B75DD","2B75DD","71ADFF",1667D9,1667D9,"BCD5F5","D6E4F6","FFEBF6","4C91F1","4C91F1","4C91F1","8DBCFD",1,1,159,0,1,5,0,1,2,130,210,110,210,275,425,110,210,-1,0,"2050/01/01",0,10
1120,1800,1,1,1800,1,"A8C6FD",5277D6,"da483a","ffda93","4C91F1","2B75DD","2B75DD","71ADFF",1667D9,1667D9,"BCD5F5","D6E4F6","FFEBF6","4C91F1","4C91F1","4C91F1","8DBCFD",1,1,159,0,1,5,0,1,2,130,210,110,210,275,425,110,210,-1,0,"2050/01/01",0,10
1121,1800,1,1,1800,1,"A8C6FD",5277D6,"da483a","ffda93","4C91F1","2B75DD","2B75DD","71ADFF",1667D9,1667D9,"BCD5F5","D6E4F6","FFEBF6","4C91F1","4C91F1","4C91F1","8DBCFD",1,1,159,0,1,5,0,1,2,130,210,110,210,275,425,110,210,-1,0,"2050/01/01",0,10
1122,1800,1,1,1800,1,"A8C6FD",5277D6,"da483a","ffda93","4C91F1","2B75DD","2B75DD","71ADFF",1667D9,1667D9,"BCD5F5","D6E4F6","FFEBF6","4C91F1","4C91F1","4C91F1","8DBCFD",1,1,159,0,1,5,0,1,2,130,210,110,210,275,425,110,210,-1,0,"2050/01/01",0,10
1123,1800,1,1,1800,1,"A8C6FD",5277D6,"da483a","ffda93","4C91F1","2B75DD","2B75DD","71ADFF",1667D9,1667D9,"BCD5F5","D6E4F6","FFEBF6","4C91F1","4C91F1","4C91F1","8DBCFD",1,1,159,0,1,5,0,1,2,130,210,110,210,275,425,110,210,-1,0,"2050/01/01",0,10
1124,1800,1,1,1800,1,"A8C6FD",5277D6,"da483a","ffda93","4C91F1","2B75DD","2B75DD","71ADFF",1667D9,1667D9,"BCD5F5","D6E4F6","FFEBF6","4C91F1","4C91F1","4C91F1","8DBCFD",1,1,159,0,1,5,0,1,2,130,210,110,210,275,425,110,210,-1,0,"2050/01/01",0,10
1125,1800,1,1,1800,1,"A8C6FD",5277D6,"da483a","ffda93","4C91F1","2B75DD","2B75DD","71ADFF",1667D9,1667D9,"BCD5F5","D6E4F6","FFEBF6","4C91F1","4C91F1","4C91F1","8DBCFD",1,1,159,0,1,5,0,1,2,130,210,110,210,275,425,110,210,-1,0,"2050/01/01",0,10
1126,1800,1,1,1800,1,"A8C6FD",5277D6,"da483a","ffda93","4C91F1","2B75DD","2B75DD","71ADFF",1667D9,1667D9,"BCD5F5","D6E4F6","FFEBF6","4C91F1","4C91F1","4C91F1","8DBCFD",1,1,159,0,1,5,0,1,2,130,210,110,210,275,425,110,210,-1,0,"2050/01/01",0,10
9043,1967,4,11,1800,1,"A8C6FD",5277D6,"e4ac34","5e4b3c","4C91F1","2B75DD","2B75DD","71ADFF",1667D9,1667D9,"BCD5F5","D6E4F6","FFEBF6","4C91F1","4C91F1","4C91F1","8DBCFD",1,0,141,2,0,0,0,-1,2,130,210,110,210,275,425,110,210,-1,0,"2050/01/01",1,10
9044,1800,1,1,1800,1,"A8C6FD",5277D6,"da483a","ffda93","4C91F1","2B75DD","2B75DD","71ADFF",1667D9,1667D9,"BCD5F5","D6E4F6","FFEBF6","4C91F1","4C91F1","4C91F1","8DBCFD",1,3,160,0,0,0,0,-1,1,170,270,180,310,275,425,180,310,-1,0,"2050/01/01",1,10
